detection_id,cluster,mosaic_file,mosaic_row,mosaic_col,mosaic_x,mosaic_y,thumb_size,frame,bbox_x,bbox_y,bbox_w,bbox_h,quality_score,solidity,eccentricity
332,0,cluster_00_mosaic.png,0,0,0,40,90,RCNHSha_20250516_000901_IMG1,1774,1908,72,61,0.4075,0.8074,0.624
86,0,cluster_00_mosaic.png,0,1,90,40,90,RCNHSha_20250512_011034_IMG7,2836,1371,64,53,0.4037,0.8736,0.7318
325,0,cluster_00_mosaic.png,0,2,180,40,90,RCNHSha_20250516_000901_IMG1,2666,1180,75,62,0.3953,0.8055,0.6573
65,0,cluster_00_mosaic.png,0,3,270,40,90,RCNHSha_20250511_044016_IMG6,986,1333,84,78,0.3944,0.748,0.7774
143,0,cluster_00_mosaic.png,0,4,360,40,90,RCNHSha_20250513_003931_IMG3,1551,660,68,62,0.3931,0.8087,0.4329
16,0,cluster_00_mosaic.png,0,5,450,40,90,RCNHSha_20250510_020947_IMG4,1245,2082,71,67,0.3891,0.787,0.6438
327,0,cluster_00_mosaic.png,0,6,540,40,90,RCNHSha_20250516_000901_IMG1,1044,1250,72,62,0.3881,0.8502,0.7879
45,0,cluster_00_mosaic.png,0,7,630,40,90,RCNHSha_20250511_021016_IMG6,729,1277,153,145,0.3866,0.5586,0.8792
66,0,cluster_00_mosaic.png,0,8,720,40,90,RCNHSha_20250511_044016_IMG6,2477,1571,79,68,0.3866,0.7561,0.4451
51,0,cluster_00_mosaic.png,0,9,810,40,90,RCNHSha_20250511_021031_IMG7,1102,842,74,70,0.3865,0.7554,0.4815
357,0,cluster_00_mosaic.png,0,10,900,40,90,RCNHSha_20250516_001016_IMG6,1241,1443,76,68,0.3815,0.7763,0.4186
344,0,cluster_00_mosaic.png,0,11,990,40,90,RCNHSha_20250516_000947_IMG4,1327,2139,81,66,0.3806,0.7795,0.7387
338,0,cluster_00_mosaic.png,0,12,1080,40,90,RCNHSha_20250516_000947_IMG4,2349,205,60,55,0.3786,0.8503,0.4039
245,0,cluster_00_mosaic.png,0,13,1170,40,90,RCNHSha_20250514_024101_IMG9,2681,2289,74,58,0.3778,0.8121,0.8438
321,0,cluster_00_mosaic.png,0,14,1260,40,90,RCNHSha_20250516_000901_IMG1,1815,544,84,70,0.3733,0.6918,0.6922
138,0,cluster_00_mosaic.png,1,0,0,130,90,RCNHSha_20250512_041018_IMG6,923,1368,90,70,0.3678,0.7029,0.7468
224,0,cluster_00_mosaic.png,1,1,90,130,90,RCNHSha_20250513_043901_IMG1,2383,1563,79,69,0.3671,0.7441,0.5893
137,0,cluster_00_mosaic.png,1,2,180,130,90,RCNHSha_20250512_041018_IMG6,2337,1045,61,59,0.3613,0.7888,0.5651
90,0,cluster_00_mosaic.png,1,3,270,130,90,RCNHSha_20250512_011034_IMG7,2680,1594,60,57,0.3534,0.8056,0.3989
386,0,cluster_00_mosaic.png,1,4,360,130,90,RCNHSha_20250516_033932_IMG3,2551,333,81,73,0.3455,0.658,0.5916
381,0,cluster_00_mosaic.png,1,5,450,130,90,RCNHSha_20250516_011045_IMG8,2510,1887,80,77,0.3417,0.6371,0.4606
312,0,cluster_00_mosaic.png,1,6,540,130,90,RCNHSha_20250515_034032_IMG7,1501,2411,66,57,0.338,0.716,0.3801
388,0,cluster_00_mosaic.png,1,7,630,130,90,RCNHSha_20250516_044031_IMG7,1863,993,69,63,0.3276,0.673,0.5809
36,0,cluster_00_mosaic.png,1,8,720,130,90,RCNHSha_20250511_020931_IMG3,2995,2018,55,48,0.3198,0.7361,0.5312
93,1,cluster_01_mosaic.png,0,0,0,40,90,RCNHSha_20250512_011034_IMG7,2859,1903,72,88,0.4935,0.8805,0.7331
107,1,cluster_01_mosaic.png,0,1,90,40,90,RCNHSha_20250512_020902_IMG1,1847,599,137,156,0.4211,0.698,0.71
241,1,cluster_01_mosaic.png,0,2,180,40,90,RCNHSha_20250514_023931_IMG3,2010,2588,151,161,0.4105,0.6265,0.9047
89,1,cluster_01_mosaic.png,0,3,270,40,90,RCNHSha_20250512_011034_IMG7,1016,1586,56,57,0.4002,0.9596,0.6571
92,1,cluster_01_mosaic.png,0,4,360,40,90,RCNHSha_20250512_011034_IMG7,2779,1858,70,75,0.4,0.7533,0.643
15,1,cluster_01_mosaic.png,0,5,450,40,90,RCNHSha_20250510_020947_IMG4,1344,1631,60,59,0.391,0.842,0.6102
49,1,cluster_01_mosaic.png,0,6,540,40,90,RCNHSha_20250511_021016_IMG6,1442,1891,70,78,0.3886,0.7557,0.4587
237,1,cluster_01_mosaic.png,0,7,630,40,90,RCNHSha_20250513_234016_IMG6,2484,687,57,80,0.3818,0.7632,0.7085
97,1,cluster_01_mosaic.png,0,8,720,40,90,RCNHSha_20250512_011034_IMG7,1597,2163,50,53,0.3802,0.8867,0.8049
81,1,cluster_01_mosaic.png,0,9,810,40,90,RCNHSha_20250512_011034_IMG7,1714,491,49,65,0.3799,0.8703,0.7266
102,1,cluster_01_mosaic.png,0,10,900,40,90,RCNHSha_20250512_011034_IMG7,1622,2388,58,75,0.3756,0.8185,0.5431
104,1,cluster_01_mosaic.png,0,11,990,40,90,RCNHSha_20250512_011034_IMG7,1769,2746,53,76,0.3717,0.862,0.8319
62,1,cluster_01_mosaic.png,0,12,1080,40,90,RCNHSha_20250511_044016_IMG6,1623,598,78,90,0.3714,0.7252,0.6573
10,1,cluster_01_mosaic.png,0,13,1170,40,90,RCNHSha_20250510_020931_IMG3,2832,1524,54,53,0.3712,0.8991,0.6811
235,1,cluster_01_mosaic.png,0,14,1260,40,90,RCNHSha_20250513_043932_IMG3,1891,2144,64,71,0.3686,0.7972,0.6411
72,1,cluster_01_mosaic.png,1,0,0,130,90,RCNHSha_20250511_233901_IMG1,2787,1245,59,73,0.3676,0.7959,0.7808
27,1,cluster_01_mosaic.png,1,1,90,130,90,RCNHSha_20250511_020901_IMG1,2853,1683,48,63,0.3659,0.8277,0.7199
35,1,cluster_01_mosaic.png,1,2,180,130,90,RCNHSha_20250511_020931_IMG3,1576,1604,52,69,0.3643,0.811,0.6398
343,1,cluster_01_mosaic.png,1,3,270,130,90,RCNHSha_20250516_000947_IMG4,1898,1716,54,66,0.3621,0.7774,0.7736
80,1,cluster_01_mosaic.png,1,4,360,130,90,RCNHSha_20250512_011034_IMG7,2701,489,51,53,0.3606,0.816,0.5985
98,1,cluster_01_mosaic.png,1,5,450,130,90,RCNHSha_20250512_011034_IMG7,2422,2212,50,52,0.3555,0.8194,0.6006
335,1,cluster_01_mosaic.png,1,6,540,130,90,RCNHSha_20250516_000901_IMG1,2281,2208,85,72,0.3552,0.725,0.8222
330,1,cluster_01_mosaic.png,1,7,630,130,90,RCNHSha_20250516_000901_IMG1,1825,1724,60,67,0.3551,0.7843,0.6864
376,1,cluster_01_mosaic.png,1,8,720,130,90,RCNHSha_20250516_004030_IMG7,2987,2357,50,70,0.3525,0.8268,0.819
323,1,cluster_01_mosaic.png,1,9,810,130,90,RCNHSha_20250516_000901_IMG1,2380,768,63,73,0.3485,0.7352,0.6165
227,1,cluster_01_mosaic.png,1,10,900,130,90,RCNHSha_20250513_043901_IMG1,3018,2055,45,47,0.3459,0.8371,0.6327
350,1,cluster_01_mosaic.png,1,11,990,130,90,RCNHSha_20250516_001002_IMG5,2030,2781,55,61,0.3449,0.8373,0.8726
244,1,cluster_01_mosaic.png,1,12,1080,130,90,RCNHSha_20250514_024101_IMG9,1509,2055,40,56,0.3425,0.8732,0.8179
61,1,cluster_01_mosaic.png,1,13,1170,130,90,RCNHSha_20250511_044016_IMG6,1045,534,62,69,0.3408,0.8256,0.8991
68,1,cluster_01_mosaic.png,1,14,1260,130,90,RCNHSha_20250511_044016_IMG6,2498,2192,48,57,0.3286,0.8122,0.6962
351,1,cluster_01_mosaic.png,2,0,0,220,90,RCNHSha_20250516_001016_IMG6,1868,177,55,68,0.3125,0.7014,0.7344
3,2,cluster_02_mosaic.png,0,0,0,40,90,RCNHSha_20250509_233933_IMG3,1616,2344,58,66,0.4112,0.7911,0.6208
333,2,cluster_02_mosaic.png,0,1,90,40,90,RCNHSha_20250516_000901_IMG1,2719,1953,56,59,0.4029,0.9084,0.7615
352,2,cluster_02_mosaic.png,0,2,180,40,90,RCNHSha_20250516_001016_IMG6,1708,545,47,60,0.3988,0.9477,0.7705
368,2,cluster_02_mosaic.png,0,3,270,40,90,RCNHSha_20250516_003930_IMG3,2928,693,81,87,0.3981,0.7182,0.4591
289,2,cluster_02_mosaic.png,0,4,360,40,90,RCNHSha_20250515_001047_IMG8,2283,590,51,56,0.3948,0.9166,0.8003
270,2,cluster_02_mosaic.png,0,5,450,40,90,RCNHSha_20250515_000932_IMG3,1689,1890,45,56,0.3851,0.8603,0.7763
141,2,cluster_02_mosaic.png,0,6,540,40,90,RCNHSha_20250513_003900_IMG1,2415,1782,51,59,0.3828,0.9462,0.8788
324,2,cluster_02_mosaic.png,0,7,630,40,90,RCNHSha_20250516_000901_IMG1,1560,927,52,56,0.3827,0.9343,0.8603
99,2,cluster_02_mosaic.png,0,8,720,40,90,RCNHSha_20250512_011034_IMG7,1482,2272,46,56,0.3816,0.9149,0.5598
14,2,cluster_02_mosaic.png,0,9,810,40,90,RCNHSha_20250510_020947_IMG4,1322,1371,38,48,0.3814,0.9597,0.6031
18,2,cluster_02_mosaic.png,0,10,900,40,90,RCNHSha_20250510_024016_IMG6,2253,2243,65,74,0.38,0.7597,0.4177
79,2,cluster_02_mosaic.png,0,11,990,40,90,RCNHSha_20250512_011034_IMG7,1999,412,56,59,0.3712,0.8341,0.6319
25,2,cluster_02_mosaic.png,0,12,1080,40,90,RCNHSha_20250511_020901_IMG1,1840,1549,50,53,0.3673,0.8182,0.5896
220,2,cluster_02_mosaic.png,0,13,1170,40,90,RCNHSha_20250513_043901_IMG1,2446,351,66,90,0.3594,0.7208,0.7652
94,2,cluster_02_mosaic.png,0,14,1260,40,90,RCNHSha_20250512_011034_IMG7,1426,1924,53,55,0.3514,0.8197,0.7225
5,2,cluster_02_mosaic.png,1,0,0,130,90,RCNHSha_20250509_234048_IMG8,1434,804,67,67,0.3425,0.7193,0.5567
103,2,cluster_02_mosaic.png,1,1,90,130,90,RCNHSha_20250512_011034_IMG7,1767,2519,45,58,0.3416,0.8201,0.6743
4,2,cluster_02_mosaic.png,1,2,180,130,90,RCNHSha_20250509_234048_IMG8,1270,633,50,53,0.3383,0.7947,0.6629
0,2,cluster_02_mosaic.png,1,3,270,130,90,RCNHSha_20250509_233918_IMG2,2381,2341,52,57,0.338,0.7914,0.7535
26,2,cluster_02_mosaic.png,1,4,360,130,90,RCNHSha_20250511_020901_IMG1,3301,1646,41,50,0.3365,0.8443,0.7784
188,2,cluster_02_mosaic.png,1,5,450,130,90,RCNHSha_20250513_030916_IMG2,1564,727,48,54,0.3351,0.7926,0.6271
7,2,cluster_02_mosaic.png,1,6,540,130,90,RCNHSha_20250510_003901_IMG1,2428,1878,52,61,0.3346,0.7534,0.3124
222,2,cluster_02_mosaic.png,1,7,630,130,90,RCNHSha_20250513_043901_IMG1,2031,1064,47,49,0.3338,0.7894,0.4786
88,2,cluster_02_mosaic.png,1,8,720,130,90,RCNHSha_20250512_011034_IMG7,1567,1487,51,66,0.3314,0.7254,0.6554
6,2,cluster_02_mosaic.png,1,9,810,130,90,RCNHSha_20250510_000917_IMG2,1396,2008,51,63,0.3255,0.7581,0.7657
223,2,cluster_02_mosaic.png,1,10,900,130,90,RCNHSha_20250513_043901_IMG1,2007,1187,55,55,0.3217,0.7642,0.5694
12,2,cluster_02_mosaic.png,1,11,990,130,90,RCNHSha_20250510_020947_IMG4,2304,194,48,51,0.3149,0.8178,0.7936
160,3,cluster_03_mosaic.png,0,0,0,40,90,RCNHSha_20250513_013947_IMG4,1526,2343,190,81,0.456,0.7493,0.9019
176,3,cluster_03_mosaic.png,0,1,90,40,90,RCNHSha_20250513_014047_IMG8,1593,2429,169,139,0.454,0.7314,0.892
364,3,cluster_03_mosaic.png,0,2,180,40,90,RCNHSha_20250516_001016_IMG6,1447,2579,132,104,0.4404,0.7297,0.9009
366,3,cluster_03_mosaic.png,0,3,270,40,90,RCNHSha_20250516_003930_IMG3,2617,624,148,74,0.4334,0.7254,0.8979
362,3,cluster_03_mosaic.png,0,4,360,40,90,RCNHSha_20250516_001016_IMG6,1437,2175,185,80,0.4331,0.6716,0.8881
191,3,cluster_03_mosaic.png,0,5,450,40,90,RCNHSha_20250513_030916_IMG2,2370,1285,150,84,0.4311,0.6795,0.8265
148,3,cluster_03_mosaic.png,0,6,540,40,90,RCNHSha_20250513_010946_IMG4,2654,966,130,64,0.4293,0.7281,0.8469
320,3,cluster_03_mosaic.png,0,7,630,40,90,RCNHSha_20250516_000901_IMG1,1480,464,185,128,0.4257,0.6384,0.8621
187,3,cluster_03_mosaic.png,0,8,720,40,90,RCNHSha_20250513_024032_IMG7,2540,2570,129,117,0.4198,0.6739,0.8337
348,3,cluster_03_mosaic.png,0,9,810,40,90,RCNHSha_20250516_001002_IMG5,2209,1975,199,97,0.4169,0.6421,0.9383
280,3,cluster_03_mosaic.png,0,10,900,40,90,RCNHSha_20250515_001032_IMG7,1990,827,145,121,0.4164,0.6448,0.902
287,3,cluster_03_mosaic.png,0,11,990,40,90,RCNHSha_20250515_001032_IMG7,2188,2609,160,108,0.4079,0.6336,0.8709
367,3,cluster_03_mosaic.png,0,12,1080,40,90,RCNHSha_20250516_003930_IMG3,1607,645,170,79,0.4054,0.5911,0.8885
371,3,cluster_03_mosaic.png,0,13,1170,40,90,RCNHSha_20250516_003930_IMG3,1265,1257,158,129,0.404,0.6004,0.8782
277,3,cluster_03_mosaic.png,0,14,1260,40,90,RCNHSha_20250515_001032_IMG7,1632,576,91,59,0.4025,0.8154,0.7552
87,3,cluster_03_mosaic.png,1,0,0,130,90,RCNHSha_20250512_011034_IMG7,1633,1429,184,105,0.399,0.5493,0.8519
293,3,cluster_03_mosaic.png,1,1,90,130,90,RCNHSha_20250515_001047_IMG8,2770,839,174,93,0.3983,0.5651,0.9093
314,3,cluster_03_mosaic.png,1,2,180,130,90,RCNHSha_20250515_041033_IMG7,1957,287,256,91,0.3966,0.5891,0.9561
211,3,cluster_03_mosaic.png,1,3,270,130,90,RCNHSha_20250513_031016_IMG6,1804,2609,176,146,0.3904,0.5866,0.9293
133,3,cluster_03_mosaic.png,1,4,360,130,90,RCNHSha_20250512_021047_IMG8,1923,1754,207,122,0.3903,0.566,0.8697
194,3,cluster_03_mosaic.png,1,5,450,130,90,RCNHSha_20250513_030916_IMG2,1071,2242,190,165,0.3898,0.5909,0.956
114,3,cluster_03_mosaic.png,1,6,540,130,90,RCNHSha_20250512_020902_IMG1,1690,1456,221,132,0.3883,0.5759,0.9431
173,3,cluster_03_mosaic.png,1,7,630,130,90,RCNHSha_20250513_014047_IMG8,737,1960,171,78,0.3857,0.6025,0.9019
311,3,cluster_03_mosaic.png,1,8,720,130,90,RCNHSha_20250515_023932_IMG3,810,1369,271,103,0.383,0.5537,0.9595
328,3,cluster_03_mosaic.png,1,9,810,130,90,RCNHSha_20250516_000901_IMG1,1941,1298,167,129,0.3804,0.5077,0.8036
171,3,cluster_03_mosaic.png,1,10,900,130,90,RCNHSha_20250513_014047_IMG8,2596,1839,244,148,0.3774,0.5324,0.8751
219,3,cluster_03_mosaic.png,1,11,990,130,90,RCNHSha_20250513_034017_IMG6,1717,2711,180,104,0.3751,0.5442,0.8446
31,3,cluster_03_mosaic.png,1,12,1080,130,90,RCNHSha_20250511_020931_IMG3,1073,711,234,121,0.3723,0.5066,0.8908
329,3,cluster_03_mosaic.png,1,13,1170,130,90,RCNHSha_20250516_000901_IMG1,1558,1590,228,137,0.3709,0.4561,0.9174
200,3,cluster_03_mosaic.png,1,14,1260,130,90,RCNHSha_20250513_030931_IMG3,1506,1831,195,149,0.369,0.4797,0.8687
214,3,cluster_03_mosaic.png,2,0,0,220,90,RCNHSha_20250513_031031_IMG7,1946,1195,242,137,0.3666,0.4904,0.8595
279,3,cluster_03_mosaic.png,2,1,90,220,90,RCNHSha_20250515_001032_IMG7,1127,742,209,167,0.3653,0.4722,0.83
113,3,cluster_03_mosaic.png,2,2,180,220,90,RCNHSha_20250512_020902_IMG1,2900,1426,176,140,0.3646,0.4489,0.8585
415,3,cluster_03_mosaic.png,2,3,270,220,90,RCNHSha_20250922_055135_IMG9,1680,1770,183,110,0.3639,0.4241,0.8701
353,3,cluster_03_mosaic.png,2,4,360,220,90,RCNHSha_20250516_001016_IMG6,1985,642,144,110,0.3618,0.5432,0.9203
262,3,cluster_03_mosaic.png,2,5,450,220,90,RCNHSha_20250515_000932_IMG3,3113,1602,169,136,0.3591,0.4464,0.88
13,3,cluster_03_mosaic.png,2,6,540,220,90,RCNHSha_20250510_020947_IMG4,2651,508,102,65,0.3504,0.7176,0.8913
392,3,cluster_03_mosaic.png,2,7,630,220,90,RCNHSha_20250921_225051_IMG6,631,1447,189,149,0.346,0.3965,0.7559
252,3,cluster_03_mosaic.png,2,8,720,220,90,RCNHSha_20250515_000932_IMG3,1752,723,141,124,0.3458,0.4627,0.7596
259,3,cluster_03_mosaic.png,2,9,810,220,90,RCNHSha_20250515_000932_IMG3,1952,1364,131,113,0.3457,0.4305,0.6844
313,3,cluster_03_mosaic.png,2,10,900,220,90,RCNHSha_20250515_040948_IMG4,2537,1727,236,186,0.3399,0.4176,0.6066
370,3,cluster_03_mosaic.png,2,11,990,220,90,RCNHSha_20250516_003930_IMG3,1761,1048,294,278,0.3391,0.3816,0.9185
132,3,cluster_03_mosaic.png,2,12,1080,220,90,RCNHSha_20250512_021047_IMG8,1489,1631,205,169,0.337,0.368,0.8376
2,3,cluster_03_mosaic.png,2,13,1170,220,90,RCNHSha_20250509_233933_IMG3,2527,1290,189,94,0.3313,0.3647,0.9135
397,3,cluster_03_mosaic.png,2,14,1260,220,90,RCNHSha_20250921_225141_IMG11,685,1423,334,252,0.3304,0.3575,0.9373
17,3,cluster_03_mosaic.png,3,0,0,310,90,RCNHSha_20250510_021001_IMG5,1369,1497,54,38,0.3302,0.805,0.7695
64,3,cluster_03_mosaic.png,3,1,90,310,90,RCNHSha_20250511_044016_IMG6,2060,1237,140,115,0.328,0.4496,0.7252
52,3,cluster_03_mosaic.png,3,2,180,310,90,RCNHSha_20250511_021031_IMG7,689,1115,241,181,0.3263,0.3577,0.8083
286,3,cluster_03_mosaic.png,3,3,270,310,90,RCNHSha_20250515_001032_IMG7,2200,2062,144,111,0.3213,0.4291,0.7771
409,3,cluster_03_mosaic.png,3,4,360,310,90,RCNHSha_20250922_045113_IMG7,2466,1128,159,124,0.3213,0.3816,0.7321
342,3,cluster_03_mosaic.png,3,5,450,310,90,RCNHSha_20250516_000947_IMG4,1178,1222,152,98,0.3016,0.4284,0.8521
180,3,cluster_03_mosaic.png,3,6,540,310,90,RCNHSha_20250513_023901_IMG1,1584,2526,140,78,0.2721,0.4488,0.9289
334,3,cluster_03_mosaic.png,3,7,630,310,90,RCNHSha_20250516_000901_IMG1,2270,2071,122,106,0.2697,0.4156,0.8852
295,4,cluster_04_mosaic.png,0,0,0,40,90,RCNHSha_20250515_001047_IMG8,947,1215,115,136,0.4383,0.6756,0.5887
85,4,cluster_04_mosaic.png,0,1,90,40,90,RCNHSha_20250512_011034_IMG7,1577,1214,86,158,0.4276,0.6258,0.9432
291,4,cluster_04_mosaic.png,0,2,180,40,90,RCNHSha_20250515_001047_IMG8,1625,774,109,177,0.4182,0.6687,0.9159
405,4,cluster_04_mosaic.png,0,3,270,40,90,RCNHSha_20250922_005105_IMG7,1621,1039,105,131,0.4117,0.6295,0.7216
365,4,cluster_04_mosaic.png,0,4,360,40,90,RCNHSha_20250516_003930_IMG3,2109,281,116,182,0.399,0.5535,0.9507
383,4,cluster_04_mosaic.png,0,5,450,40,90,RCNHSha_20250516_013945_IMG4,1643,1278,114,159,0.3821,0.5445,0.8322
398,4,cluster_04_mosaic.png,0,6,540,40,90,RCNHSha_20250921_232012_IMG2,1809,563,58,105,0.3681,0.6556,0.8846
53,4,cluster_04_mosaic.png,0,7,630,40,90,RCNHSha_20250511_021031_IMG7,2695,1193,106,145,0.3674,0.4547,0.7861
390,4,cluster_04_mosaic.png,0,8,720,40,90,RCNHSha_20250921_225041_IMG5,1825,2660,101,111,0.3607,0.5949,0.8752
54,4,cluster_04_mosaic.png,0,9,810,40,90,RCNHSha_20250511_021031_IMG7,2374,1204,146,154,0.3553,0.4482,0.8723
192,4,cluster_04_mosaic.png,0,10,900,40,90,RCNHSha_20250513_030916_IMG2,1437,1489,190,212,0.354,0.4508,0.7838
274,4,cluster_04_mosaic.png,0,11,990,40,90,RCNHSha_20250515_000932_IMG3,1911,2341,133,317,0.3521,0.4287,0.9697
40,4,cluster_04_mosaic.png,0,12,1080,40,90,RCNHSha_20250511_020946_IMG4,2150,1980,131,192,0.351,0.3946,0.743
246,4,cluster_04_mosaic.png,0,13,1170,40,90,RCNHSha_20250514_030916_IMG2,2553,359,109,161,0.3477,0.4346,0.8163
414,4,cluster_04_mosaic.png,0,14,1260,40,90,RCNHSha_20250922_055125_IMG8,1241,2090,97,157,0.3446,0.3983,0.8629
11,4,cluster_04_mosaic.png,1,0,0,130,90,RCNHSha_20250510_020931_IMG3,2239,1831,199,211,0.3435,0.3875,0.6118
319,4,cluster_04_mosaic.png,1,1,90,130,90,RCNHSha_20250516_000901_IMG1,1937,309,203,320,0.3395,0.3626,0.9274
156,4,cluster_04_mosaic.png,1,2,180,130,90,RCNHSha_20250513_013947_IMG4,1726,1191,138,186,0.3374,0.3507,0.8142
111,4,cluster_04_mosaic.png,1,3,270,130,90,RCNHSha_20250512_020902_IMG1,820,1330,179,202,0.333,0.3524,0.5324
385,4,cluster_04_mosaic.png,1,4,360,130,90,RCNHSha_20250516_014100_IMG9,1641,550,104,128,0.3264,0.4623,0.865
402,4,cluster_04_mosaic.png,1,5,450,130,90,RCNHSha_20250922_005035_IMG4,1932,2633,72,94,0.3263,0.6105,0.8168
417,4,cluster_04_mosaic.png,1,6,540,130,90,RCNHSha_20250922_062017_IMG1,1167,2215,103,154,0.3212,0.4156,0.7244
266,4,cluster_04_mosaic.png,1,7,630,130,90,RCNHSha_20250515_000932_IMG3,1231,1788,87,124,0.3178,0.4651,0.8192
205,4,cluster_04_mosaic.png,1,8,720,130,90,RCNHSha_20250513_031016_IMG6,3192,1110,175,194,0.3063,0.2787,0.7073
404,4,cluster_04_mosaic.png,1,9,810,130,90,RCNHSha_20250922_005105_IMG7,1788,156,82,110,0.2813,0.4955,0.806
326,5,cluster_05_mosaic.png,0,0,0,40,90,RCNHSha_20250516_000901_IMG1,2355,1182,65,136,0.5024,0.8522,0.8903
130,5,cluster_05_mosaic.png,0,1,90,40,90,RCNHSha_20250512_021047_IMG8,753,1611,66,121,0.4761,0.854,0.8785
153,5,cluster_05_mosaic.png,0,2,180,40,90,RCNHSha_20250513_013947_IMG4,1938,847,88,163,0.4591,0.774,0.8991
199,5,cluster_05_mosaic.png,0,3,270,40,90,RCNHSha_20250513_030931_IMG3,1703,1781,88,144,0.4591,0.7341,0.837
189,5,cluster_05_mosaic.png,0,4,360,40,90,RCNHSha_20250513_030916_IMG2,2296,797,93,158,0.4422,0.7203,0.8382
349,5,cluster_05_mosaic.png,0,5,450,40,90,RCNHSha_20250516_001002_IMG5,1870,2462,81,222,0.4291,0.7052,0.9165
302,5,cluster_05_mosaic.png,0,6,540,40,90,RCNHSha_20250515_010932_IMG3,2149,460,93,141,0.4256,0.632,0.8395
168,5,cluster_05_mosaic.png,0,7,630,40,90,RCNHSha_20250513_014047_IMG8,2912,1595,103,193,0.4232,0.6536,0.8846
276,5,cluster_05_mosaic.png,0,8,720,40,90,RCNHSha_20250515_001032_IMG7,1857,493,85,175,0.4212,0.6382,0.9308
124,5,cluster_05_mosaic.png,0,9,810,40,90,RCNHSha_20250512_021047_IMG8,1587,929,83,165,0.4206,0.663,0.8081
303,5,cluster_05_mosaic.png,0,10,900,40,90,RCNHSha_20250515_010947_IMG4,2354,2422,124,132,0.42,0.6573,0.7523
218,5,cluster_05_mosaic.png,0,11,990,40,90,RCNHSha_20250513_034017_IMG6,2766,2062,118,181,0.4178,0.6092,0.7519
346,5,cluster_05_mosaic.png,0,12,1080,40,90,RCNHSha_20250516_000947_IMG4,1877,2517,102,216,0.4132,0.6454,0.9382
167,5,cluster_05_mosaic.png,0,13,1170,40,90,RCNHSha_20250513_014047_IMG8,2247,1545,152,168,0.394,0.5322,0.9031
355,5,cluster_05_mosaic.png,0,14,1260,40,90,RCNHSha_20250516_001016_IMG6,2187,1026,79,219,0.3923,0.5698,0.9214
48,5,cluster_05_mosaic.png,1,0,0,130,90,RCNHSha_20250511_021016_IMG6,2751,1767,116,218,0.3882,0.5722,0.8692
299,5,cluster_05_mosaic.png,1,1,90,130,90,RCNHSha_20250515_001047_IMG8,2194,2016,114,199,0.3823,0.5148,0.8953
268,5,cluster_05_mosaic.png,1,2,180,130,90,RCNHSha_20250515_000932_IMG3,953,1819,113,173,0.3783,0.5093,0.8894
317,5,cluster_05_mosaic.png,1,3,270,130,90,RCNHSha_20250515_234047_IMG8,3108,814,73,153,0.3757,0.5711,0.9053
265,5,cluster_05_mosaic.png,1,4,360,130,90,RCNHSha_20250515_000932_IMG3,1595,1738,123,152,0.3737,0.4562,0.6742
395,5,cluster_05_mosaic.png,1,5,450,130,90,RCNHSha_20250921_225101_IMG7,2900,1747,135,213,0.3735,0.4606,0.8335
21,5,cluster_05_mosaic.png,1,6,540,130,90,RCNHSha_20250511_010937_IMG3,2103,1066,106,206,0.3718,0.4931,0.9081
119,5,cluster_05_mosaic.png,1,7,630,130,90,RCNHSha_20250512_020902_IMG1,1196,2324,115,161,0.3713,0.4781,0.886
73,5,cluster_05_mosaic.png,1,8,720,130,90,RCNHSha_20250511_233901_IMG1,1255,2191,208,217,0.3709,0.5032,0.8819
292,5,cluster_05_mosaic.png,1,9,810,130,90,RCNHSha_20250515_001047_IMG8,2275,785,144,167,0.3707,0.488,0.6398
331,5,cluster_05_mosaic.png,1,10,900,130,90,RCNHSha_20250516_000901_IMG1,1538,1908,96,128,0.3699,0.5069,0.8326
254,5,cluster_05_mosaic.png,1,11,990,130,90,RCNHSha_20250515_000932_IMG3,1014,790,162,170,0.3696,0.4843,0.7019
30,5,cluster_05_mosaic.png,1,12,1080,130,90,RCNHSha_20250511_020901_IMG1,2084,2532,136,203,0.3694,0.4731,0.875
57,5,cluster_05_mosaic.png,1,13,1170,130,90,RCNHSha_20250511_021031_IMG7,2478,1685,81,100,0.3678,0.6278,0.7553
238,5,cluster_05_mosaic.png,1,14,1260,130,90,RCNHSha_20250513_234016_IMG6,2046,2760,69,103,0.3556,0.6995,0.712
43,5,cluster_05_mosaic.png,2,0,0,220,90,RCNHSha_20250511_021016_IMG6,1500,1121,140,188,0.3546,0.4409,0.7395
55,5,cluster_05_mosaic.png,2,1,90,220,90,RCNHSha_20250511_021031_IMG7,2076,1323,92,108,0.3532,0.5936,0.7409
67,5,cluster_05_mosaic.png,2,2,180,220,90,RCNHSha_20250511_044016_IMG6,1987,1840,68,108,0.3495,0.661,0.8764
33,5,cluster_05_mosaic.png,2,3,270,220,90,RCNHSha_20250511_020931_IMG3,2720,1311,163,205,0.3492,0.4342,0.8268
182,5,cluster_05_mosaic.png,2,4,360,220,90,RCNHSha_20250513_024032_IMG7,1538,693,188,203,0.3451,0.3881,0.7764
183,5,cluster_05_mosaic.png,2,5,450,220,90,RCNHSha_20250513_024032_IMG7,2000,747,162,211,0.3449,0.3979,0.8725
345,5,cluster_05_mosaic.png,2,6,540,220,90,RCNHSha_20250516_000947_IMG4,2877,2282,142,191,0.3426,0.4278,0.8231
221,5,cluster_05_mosaic.png,2,7,630,220,90,RCNHSha_20250513_043901_IMG1,766,987,135,179,0.3397,0.4006,0.8647
213,5,cluster_05_mosaic.png,2,8,720,220,90,RCNHSha_20250513_031031_IMG7,925,750,154,184,0.3343,0.379,0.803
233,5,cluster_05_mosaic.png,2,9,810,220,90,RCNHSha_20250513_043932_IMG3,898,1807,182,256,0.3322,0.3632,0.8434
315,5,cluster_05_mosaic.png,2,10,900,220,90,RCNHSha_20250515_041033_IMG7,656,1484,144,181,0.3258,0.3728,0.8216
419,6,cluster_06_mosaic.png,0,0,0,40,90,RCNHSha_20250922_202115_IMG4,1041,1544,148,100,0.3996,0.5529,0.7591
316,6,cluster_06_mosaic.png,0,1,90,40,90,RCNHSha_20250515_234002_IMG5,3054,1366,147,64,0.3954,0.5961,0.9117
296,6,cluster_06_mosaic.png,0,2,180,40,90,RCNHSha_20250515_001047_IMG8,1069,1600,120,93,0.3944,0.6759,0.9022
190,6,cluster_06_mosaic.png,0,3,270,40,90,RCNHSha_20250513_030916_IMG2,2816,1070,182,142,0.3899,0.5768,0.8037
234,6,cluster_06_mosaic.png,0,4,360,40,90,RCNHSha_20250513_043932_IMG3,1745,1860,155,140,0.3876,0.5758,0.8761
369,6,cluster_06_mosaic.png,0,5,450,40,90,RCNHSha_20250516_003930_IMG3,1616,870,132,112,0.3834,0.5959,0.9179
263,6,cluster_06_mosaic.png,0,6,540,40,90,RCNHSha_20250515_000932_IMG3,1240,1675,183,134,0.3831,0.4752,0.8447
215,6,cluster_06_mosaic.png,0,7,630,40,90,RCNHSha_20250513_031031_IMG7,1838,1627,138,134,0.3829,0.5301,0.4479
163,6,cluster_06_mosaic.png,0,8,720,40,90,RCNHSha_20250513_014047_IMG8,2662,652,235,121,0.3725,0.4647,0.8893
38,6,cluster_06_mosaic.png,0,9,810,40,90,RCNHSha_20250511_020931_IMG3,2449,2262,187,141,0.3709,0.4608,0.8104
77,6,cluster_06_mosaic.png,0,10,900,40,90,RCNHSha_20250512_004016_IMG6,2558,2182,189,130,0.3685,0.4485,0.8112
251,6,cluster_06_mosaic.png,0,11,990,40,90,RCNHSha_20250515_000932_IMG3,2161,708,161,158,0.3652,0.4662,0.7601
336,6,cluster_06_mosaic.png,0,12,1080,40,90,RCNHSha_20250516_000901_IMG1,1298,2210,163,149,0.365,0.4815,0.7196
147,6,cluster_06_mosaic.png,0,13,1170,40,90,RCNHSha_20250513_010946_IMG4,1710,849,182,168,0.3648,0.463,0.6847
271,6,cluster_06_mosaic.png,0,14,1260,40,90,RCNHSha_20250515_000932_IMG3,2745,1969,165,164,0.3628,0.4734,0.7371
118,6,cluster_06_mosaic.png,1,0,0,130,90,RCNHSha_20250512_020902_IMG1,2160,2276,141,140,0.362,0.4395,0.8358
125,6,cluster_06_mosaic.png,1,1,90,130,90,RCNHSha_20250512_021047_IMG8,1765,979,116,112,0.3617,0.5561,0.6204
267,6,cluster_06_mosaic.png,1,2,180,130,90,RCNHSha_20250515_000932_IMG3,2970,1812,155,127,0.3585,0.4292,0.6084
178,6,cluster_06_mosaic.png,1,3,270,130,90,RCNHSha_20250513_023901_IMG1,1246,858,157,135,0.3579,0.4231,0.8139
112,6,cluster_06_mosaic.png,1,4,360,130,90,RCNHSha_20250512_020902_IMG1,1416,1415,184,137,0.3534,0.4305,0.8232
264,6,cluster_06_mosaic.png,1,5,450,130,90,RCNHSha_20250515_000932_IMG3,2772,1734,173,157,0.3524,0.4115,0.5012
150,6,cluster_06_mosaic.png,1,6,540,130,90,RCNHSha_20250513_010946_IMG4,3058,1809,142,124,0.3491,0.4258,0.8008
275,6,cluster_06_mosaic.png,1,7,630,130,90,RCNHSha_20250515_000932_IMG3,2061,2666,157,151,0.3456,0.4264,0.5709
197,6,cluster_06_mosaic.png,1,8,720,130,90,RCNHSha_20250513_030931_IMG3,1188,1319,246,187,0.345,0.4163,0.6321
249,6,cluster_06_mosaic.png,1,9,810,130,90,RCNHSha_20250515_000932_IMG3,2354,338,149,141,0.3444,0.4201,0.5957
206,6,cluster_06_mosaic.png,1,10,900,130,90,RCNHSha_20250513_031016_IMG6,1299,1147,143,125,0.343,0.4256,0.6797
341,6,cluster_06_mosaic.png,1,11,990,130,90,RCNHSha_20250516_000947_IMG4,1528,1021,153,150,0.3429,0.3959,0.4078
155,6,cluster_06_mosaic.png,1,12,1080,130,90,RCNHSha_20250513_013947_IMG4,829,1092,179,166,0.3418,0.3997,0.7065
177,6,cluster_06_mosaic.png,1,13,1170,130,90,RCNHSha_20250513_023901_IMG1,2423,849,164,149,0.3411,0.4298,0.5172
146,6,cluster_06_mosaic.png,1,14,1260,130,90,RCNHSha_20250513_010946_IMG4,2541,758,165,154,0.3393,0.4048,0.6488
47,6,cluster_06_mosaic.png,2,0,0,220,90,RCNHSha_20250511_021016_IMG6,2408,1714,195,187,0.336,0.3887,0.5398
255,6,cluster_06_mosaic.png,2,1,90,220,90,RCNHSha_20250515_000932_IMG3,2836,817,143,96,0.3335,0.4629,0.7183
391,6,cluster_06_mosaic.png,2,2,180,220,90,RCNHSha_20250921_225051_IMG6,1203,868,280,267,0.3331,0.3881,0.8956
240,6,cluster_06_mosaic.png,2,3,270,220,90,RCNHSha_20250514_023931_IMG3,2522,389,113,94,0.3286,0.5003,0.628
166,6,cluster_06_mosaic.png,2,4,360,220,90,RCNHSha_20250513_014047_IMG8,1786,1428,223,180,0.3214,0.3476,0.6155
193,6,cluster_06_mosaic.png,2,5,450,220,90,RCNHSha_20250513_030916_IMG2,1170,2004,98,59,0.3083,0.5982,0.8989
59,6,cluster_06_mosaic.png,2,6,540,220,90,RCNHSha_20250511_023947_IMG4,2671,1220,157,111,0.3005,0.4227,0.8439
70,7,cluster_07_mosaic.png,0,0,0,40,90,RCNHSha_20250511_233901_IMG1,2849,649,116,106,0.4735,0.7539,0.8412
56,7,cluster_07_mosaic.png,0,1,90,40,90,RCNHSha_20250511_021031_IMG7,3125,1642,125,102,0.4725,0.8156,0.8326
207,7,cluster_07_mosaic.png,0,2,180,40,90,RCNHSha_20250513_031016_IMG6,3063,1239,141,139,0.4598,0.7569,0.8892
373,7,cluster_07_mosaic.png,0,3,270,40,90,RCNHSha_20250516_003930_IMG3,736,1595,112,107,0.4452,0.7526,0.8679
19,7,cluster_07_mosaic.png,0,4,360,40,90,RCNHSha_20250511_003931_IMG3,1232,462,137,137,0.4378,0.7206,0.8959
129,7,cluster_07_mosaic.png,0,5,450,40,90,RCNHSha_20250512_021047_IMG8,1822,1586,177,105,0.4343,0.6902,0.8851
175,7,cluster_07_mosaic.png,0,6,540,40,90,RCNHSha_20250513_014047_IMG8,1426,2426,140,138,0.431,0.6822,0.8242
46,7,cluster_07_mosaic.png,0,7,630,40,90,RCNHSha_20250511_021016_IMG6,1567,1606,175,99,0.4273,0.6567,0.8656
309,7,cluster_07_mosaic.png,0,8,720,40,90,RCNHSha_20250515_023917_IMG2,2917,1654,151,148,0.4235,0.6589,0.903
96,7,cluster_07_mosaic.png,0,9,810,40,90,RCNHSha_20250512_011034_IMG7,1875,2029,161,114,0.4181,0.6372,0.859
1,7,cluster_07_mosaic.png,0,10,900,40,90,RCNHSha_20250509_233933_IMG3,2675,749,165,158,0.4169,0.6147,0.901
91,7,cluster_07_mosaic.png,0,11,990,40,90,RCNHSha_20250512_011034_IMG7,1168,1850,189,162,0.4021,0.6038,0.9098
9,7,cluster_07_mosaic.png,0,12,1080,40,90,RCNHSha_20250510_020901_IMG1,2921,744,172,114,0.3931,0.5718,0.8415
340,7,cluster_07_mosaic.png,0,13,1170,40,90,RCNHSha_20250516_000947_IMG4,1130,552,184,164,0.3879,0.5727,0.9303
305,7,cluster_07_mosaic.png,0,14,1260,40,90,RCNHSha_20250515_011032_IMG7,1616,427,160,136,0.3831,0.4965,0.6152
195,7,cluster_07_mosaic.png,1,0,0,130,90,RCNHSha_20250513_030916_IMG2,1563,2346,214,186,0.3808,0.5484,0.8993
196,7,cluster_07_mosaic.png,1,1,90,130,90,RCNHSha_20250513_030931_IMG3,1079,598,199,135,0.3804,0.5257,0.8949
134,7,cluster_07_mosaic.png,1,2,180,130,90,RCNHSha_20250512_023933_IMG3,2347,1996,192,171,0.3779,0.4887,0.7272
161,7,cluster_07_mosaic.png,1,3,270,130,90,RCNHSha_20250513_014047_IMG8,1466,520,187,187,0.3742,0.4738,0.8831
258,7,cluster_07_mosaic.png,1,4,360,130,90,RCNHSha_20250515_000932_IMG3,1458,1039,199,139,0.374,0.4884,0.8378
228,7,cluster_07_mosaic.png,1,5,450,130,90,RCNHSha_20250513_043932_IMG3,2735,536,214,162,0.3738,0.5011,0.9159
116,7,cluster_07_mosaic.png,1,6,540,130,90,RCNHSha_20250512_020902_IMG1,1689,1894,166,153,0.3712,0.4779,0.7809
243,7,cluster_07_mosaic.png,1,7,630,130,90,RCNHSha_20250514_024101_IMG9,2862,1789,198,181,0.3695,0.5178,0.8653
58,7,cluster_07_mosaic.png,1,8,720,130,90,RCNHSha_20250511_021031_IMG7,2117,2588,192,171,0.3674,0.5029,0.9012
154,7,cluster_07_mosaic.png,1,9,810,130,90,RCNHSha_20250513_013947_IMG4,2809,917,225,202,0.3668,0.4741,0.8758
375,7,cluster_07_mosaic.png,1,10,900,130,90,RCNHSha_20250516_004030_IMG7,1696,1968,160,125,0.3654,0.479,0.8745
377,7,cluster_07_mosaic.png,1,11,990,130,90,RCNHSha_20250516_010900_IMG1,3185,1396,186,180,0.3619,0.4667,0.8067
203,7,cluster_07_mosaic.png,1,12,1080,130,90,RCNHSha_20250513_030931_IMG3,2440,2201,212,174,0.3616,0.4409,0.637
290,7,cluster_07_mosaic.png,1,13,1170,130,90,RCNHSha_20250515_001047_IMG8,1575,614,154,131,0.3573,0.4633,0.6774
288,7,cluster_07_mosaic.png,1,14,1260,130,90,RCNHSha_20250515_001047_IMG8,1322,396,158,154,0.3567,0.4749,0.6782
74,7,cluster_07_mosaic.png,2,0,0,220,90,RCNHSha_20250511_234031_IMG7,2917,1509,152,145,0.3552,0.4604,0.5344
304,7,cluster_07_mosaic.png,2,1,90,220,90,RCNHSha_20250515_011017_IMG6,2813,1645,228,168,0.3525,0.441,0.6208
24,7,cluster_07_mosaic.png,2,2,180,220,90,RCNHSha_20250511_020901_IMG1,2404,908,219,190,0.3516,0.4517,0.8384
229,7,cluster_07_mosaic.png,2,3,270,220,90,RCNHSha_20250513_043932_IMG3,1280,1165,178,146,0.3508,0.3999,0.7539
231,7,cluster_07_mosaic.png,2,4,360,220,90,RCNHSha_20250513_043932_IMG3,2578,1601,259,174,0.348,0.4129,0.8579
149,7,cluster_07_mosaic.png,2,5,450,220,90,RCNHSha_20250513_010946_IMG4,3154,1325,182,176,0.3429,0.3926,0.6909
159,7,cluster_07_mosaic.png,2,6,540,220,90,RCNHSha_20250513_013947_IMG4,2719,2007,204,196,0.3379,0.4074,0.6128
257,7,cluster_07_mosaic.png,2,7,630,220,90,RCNHSha_20250515_000932_IMG3,2489,1016,212,198,0.3308,0.3651,0.8599
151,7,cluster_07_mosaic.png,2,8,720,220,90,RCNHSha_20250513_010946_IMG4,2503,2326,236,212,0.3305,0.3802,0.8199
208,7,cluster_07_mosaic.png,2,9,810,220,90,RCNHSha_20250513_031016_IMG6,1639,1841,291,256,0.326,0.3546,0.9124
393,8,cluster_08_mosaic.png,0,0,0,40,90,RCNHSha_20250921_225051_IMG6,2042,1533,110,124,0.4161,0.6,0.564
272,8,cluster_08_mosaic.png,0,1,90,40,90,RCNHSha_20250515_000932_IMG3,2645,2101,109,127,0.4059,0.5844,0.8641
412,8,cluster_08_mosaic.png,0,2,180,40,90,RCNHSha_20250922_055125_IMG8,2041,1107,127,179,0.3998,0.545,0.9209
399,8,cluster_08_mosaic.png,0,3,270,40,90,RCNHSha_20250921_232012_IMG2,1393,1856,112,143,0.3853,0.5539,0.8053
418,8,cluster_08_mosaic.png,0,4,360,40,90,RCNHSha_20250922_062017_IMG1,1581,2256,134,153,0.3846,0.5234,0.7102
401,8,cluster_08_mosaic.png,0,5,450,40,90,RCNHSha_20250922_005035_IMG4,1166,2214,135,150,0.3817,0.5279,0.8962
394,8,cluster_08_mosaic.png,0,6,540,40,90,RCNHSha_20250921_225101_IMG7,1220,743,168,158,0.3767,0.4726,0.762
261,8,cluster_08_mosaic.png,0,7,630,40,90,RCNHSha_20250515_000932_IMG3,2295,1526,160,182,0.3753,0.5187,0.8519
379,8,cluster_08_mosaic.png,0,8,720,40,90,RCNHSha_20250516_010915_IMG2,1990,1640,82,170,0.375,0.5515,0.8743
413,8,cluster_08_mosaic.png,0,9,810,40,90,RCNHSha_20250922_055125_IMG8,2814,1586,119,133,0.3623,0.4723,0.5527
83,8,cluster_08_mosaic.png,0,10,900,40,90,RCNHSha_20250512_011034_IMG7,1830,821,125,157,0.3547,0.4344,0.9061
283,8,cluster_08_mosaic.png,0,11,990,40,90,RCNHSha_20250515_001032_IMG7,1651,1505,198,227,0.3531,0.4377,0.329
411,8,cluster_08_mosaic.png,0,12,1080,40,90,RCNHSha_20250922_055035_IMG3,1243,2605,169,164,0.3527,0.4241,0.667
361,8,cluster_08_mosaic.png,0,13,1170,40,90,RCNHSha_20250516_001016_IMG6,1604,1986,140,158,0.349,0.4402,0.7969
76,8,cluster_08_mosaic.png,0,14,1260,40,90,RCNHSha_20250512_004016_IMG6,1724,1959,71,91,0.3475,0.7194,0.8832
308,8,cluster_08_mosaic.png,1,0,0,130,90,RCNHSha_20250515_014047_IMG8,2302,556,147,166,0.3445,0.4187,0.7309
136,8,cluster_08_mosaic.png,1,1,90,130,90,RCNHSha_20250512_030902_IMG1,1116,746,162,245,0.3417,0.4314,0.8398
256,8,cluster_08_mosaic.png,1,2,180,130,90,RCNHSha_20250515_000932_IMG3,1663,961,152,197,0.3387,0.3887,0.8153
260,8,cluster_08_mosaic.png,1,3,270,130,90,RCNHSha_20250515_000932_IMG3,1863,1506,204,295,0.3336,0.3754,0.8906
278,8,cluster_08_mosaic.png,1,4,360,130,90,RCNHSha_20250515_001032_IMG7,2174,585,175,260,0.3336,0.3669,0.7089
378,8,cluster_08_mosaic.png,1,5,450,130,90,RCNHSha_20250516_010915_IMG2,2220,1592,178,236,0.3334,0.3894,0.834
297,8,cluster_08_mosaic.png,1,6,540,130,90,RCNHSha_20250515_001047_IMG8,2121,1754,114,155,0.3329,0.4582,0.7709
269,8,cluster_08_mosaic.png,1,7,630,130,90,RCNHSha_20250515_000932_IMG3,1383,1885,243,341,0.3328,0.3756,0.8902
172,8,cluster_08_mosaic.png,1,8,720,130,90,RCNHSha_20250513_014047_IMG8,2433,1903,100,147,0.3296,0.5048,0.8107
400,8,cluster_08_mosaic.png,1,9,810,130,90,RCNHSha_20250921_232102_IMG7,1857,797,118,132,0.3271,0.4513,0.7613
198,8,cluster_08_mosaic.png,1,10,900,130,90,RCNHSha_20250513_030931_IMG3,889,1485,211,253,0.3102,0.3057,0.8306
22,8,cluster_08_mosaic.png,1,11,990,130,90,RCNHSha_20250511_020901_IMG1,2504,448,87,131,0.2894,0.4529,0.8863
384,8,cluster_08_mosaic.png,1,12,1080,130,90,RCNHSha_20250516_014000_IMG5,2959,2115,103,135,0.2887,0.443,0.8187
301,8,cluster_08_mosaic.png,1,13,1170,130,90,RCNHSha_20250515_003932_IMG3,2066,1766,89,104,0.286,0.521,0.9057
39,8,cluster_08_mosaic.png,1,14,1260,130,90,RCNHSha_20250511_020946_IMG4,2885,1433,89,127,0.2751,0.4584,0.8315
209,8,cluster_08_mosaic.png,2,0,0,220,90,RCNHSha_20250513_031016_IMG6,3022,1925,82,117,0.247,0.4396,0.7196
298,9,cluster_09_mosaic.png,0,0,0,40,90,RCNHSha_20250515_001047_IMG8,1341,1773,149,158,0.3889,0.5749,0.8686
232,9,cluster_09_mosaic.png,0,1,90,40,90,RCNHSha_20250513_043932_IMG3,2863,1747,149,196,0.3805,0.5652,0.8332
380,9,cluster_09_mosaic.png,0,2,180,40,90,RCNHSha_20250516_011015_IMG6,1601,590,219,225,0.3645,0.4808,0.836
162,9,cluster_09_mosaic.png,0,3,270,40,90,RCNHSha_20250513_014047_IMG8,2891,542,155,165,0.3621,0.4847,0.7824
158,9,cluster_09_mosaic.png,0,4,360,40,90,RCNHSha_20250513_013947_IMG4,933,1559,215,243,0.3609,0.4921,0.5988
122,9,cluster_09_mosaic.png,0,5,450,40,90,RCNHSha_20250512_021047_IMG8,2766,860,174,233,0.3607,0.4716,0.8677
294,9,cluster_09_mosaic.png,0,6,540,40,90,RCNHSha_20250515_001047_IMG8,2579,842,185,211,0.3604,0.4479,0.8947
131,9,cluster_09_mosaic.png,0,7,630,40,90,RCNHSha_20250512_021047_IMG8,2962,1617,153,208,0.3569,0.4812,0.8368
318,9,cluster_09_mosaic.png,0,8,720,40,90,RCNHSha_20250516_000901_IMG1,2195,303,134,163,0.3566,0.4709,0.8309
63,9,cluster_09_mosaic.png,0,9,810,40,90,RCNHSha_20250511_044016_IMG6,2459,628,146,197,0.3543,0.4723,0.6482
41,9,cluster_09_mosaic.png,0,10,900,40,90,RCNHSha_20250511_021016_IMG6,2631,700,170,176,0.3488,0.4263,0.6387
69,9,cluster_09_mosaic.png,0,11,990,40,90,RCNHSha_20250511_233901_IMG1,1712,370,128,162,0.3482,0.454,0.7781
170,9,cluster_09_mosaic.png,0,12,1080,40,90,RCNHSha_20250513_014047_IMG8,934,1809,189,219,0.346,0.4348,0.7496
181,9,cluster_09_mosaic.png,0,13,1170,40,90,RCNHSha_20250513_024032_IMG7,2042,401,149,213,0.3449,0.4433,0.7466
307,9,cluster_09_mosaic.png,0,14,1260,40,90,RCNHSha_20250515_013932_IMG3,1283,700,179,193,0.3441,0.4322,0.7339
142,9,cluster_09_mosaic.png,1,0,0,130,90,RCNHSha_20250513_003900_IMG1,1141,2199,168,198,0.3417,0.4217,0.7444
216,9,cluster_09_mosaic.png,1,1,90,130,90,RCNHSha_20250513_031031_IMG7,2666,1848,190,206,0.341,0.4214,0.847
202,9,cluster_09_mosaic.png,1,2,180,130,90,RCNHSha_20250513_030931_IMG3,1948,2015,203,249,0.3366,0.3563,0.7511
106,9,cluster_09_mosaic.png,1,3,270,130,90,RCNHSha_20250512_020902_IMG1,1496,562,201,204,0.3347,0.3861,0.4516
204,9,cluster_09_mosaic.png,1,4,360,130,90,RCNHSha_20250513_031016_IMG6,2306,301,227,238,0.3259,0.3452,0.9064
8,9,cluster_09_mosaic.png,1,5,450,130,90,RCNHSha_20250510_013946_IMG4,2040,2125,81,109,0.2686,0.4705,0.8475
239,10,cluster_10_mosaic.png,0,0,0,40,90,RCNHSha_20250514_000917_IMG2,2949,1215,97,124,0.4387,0.7132,0.8162
144,10,cluster_10_mosaic.png,0,1,90,40,90,RCNHSha_20250513_003931_IMG3,1604,687,135,172,0.4057,0.6065,0.8185
347,10,cluster_10_mosaic.png,0,2,180,40,90,RCNHSha_20250516_001002_IMG5,1844,1933,112,149,0.399,0.57,0.9503
28,10,cluster_10_mosaic.png,0,3,270,40,90,RCNHSha_20250511_020901_IMG1,2348,2130,135,147,0.3865,0.5663,0.8595
217,10,cluster_10_mosaic.png,0,4,360,40,90,RCNHSha_20250513_034017_IMG6,1259,1288,211,225,0.3838,0.5441,0.3762
250,10,cluster_10_mosaic.png,0,5,450,40,90,RCNHSha_20250515_000932_IMG3,1636,657,118,167,0.3816,0.5495,0.854
374,10,cluster_10_mosaic.png,0,6,540,40,90,RCNHSha_20250516_003930_IMG3,1106,1864,130,173,0.3801,0.5585,0.7802
358,10,cluster_10_mosaic.png,0,7,630,40,90,RCNHSha_20250516_001016_IMG6,3092,1565,142,166,0.3771,0.5325,0.806
337,10,cluster_10_mosaic.png,0,8,720,40,90,RCNHSha_20250516_000901_IMG1,2249,2415,154,200,0.3762,0.5299,0.6252
253,10,cluster_10_mosaic.png,0,9,810,40,90,RCNHSha_20250515_000932_IMG3,2307,729,141,154,0.3707,0.459,0.7288
44,10,cluster_10_mosaic.png,0,10,900,40,90,RCNHSha_20250511_021016_IMG6,1263,1263,219,235,0.3681,0.4727,0.8843
282,10,cluster_10_mosaic.png,0,11,990,40,90,RCNHSha_20250515_001032_IMG7,1994,1348,133,160,0.3601,0.4495,0.7532
212,10,cluster_10_mosaic.png,0,12,1080,40,90,RCNHSha_20250513_031031_IMG7,2450,744,199,272,0.3523,0.4391,0.7987
34,10,cluster_10_mosaic.png,0,13,1170,40,90,RCNHSha_20250511_020931_IMG3,1104,1580,163,196,0.3455,0.3894,0.7329
406,10,cluster_10_mosaic.png,0,14,1260,40,90,RCNHSha_20250922_005105_IMG7,1520,1689,83,127,0.3394,0.5699,0.8006
354,10,cluster_10_mosaic.png,1,0,0,130,90,RCNHSha_20250516_001016_IMG6,2875,949,96,106,0.3381,0.5667,0.6864
152,10,cluster_10_mosaic.png,1,1,90,130,90,RCNHSha_20250513_013947_IMG4,1781,768,175,207,0.327,0.3546,0.702
285,11,cluster_11_mosaic.png,0,0,0,40,90,RCNHSha_20250515_001032_IMG7,2058,2013,139,138,0.397,0.6092,0.8672
75,11,cluster_11_mosaic.png,0,1,90,40,90,RCNHSha_20250511_234046_IMG8,2710,1048,155,140,0.3749,0.5212,0.8767
363,11,cluster_11_mosaic.png,0,2,180,40,90,RCNHSha_20250516_001016_IMG6,1661,2212,193,159,0.3662,0.4816,0.8565
410,11,cluster_11_mosaic.png,0,3,270,40,90,RCNHSha_20250922_045153_IMG11,1613,2410,199,186,0.3542,0.4445,0.6437
360,11,cluster_11_mosaic.png,0,4,360,40,90,RCNHSha_20250516_001016_IMG6,1649,1730,295,181,0.352,0.4045,0.8583
273,11,cluster_11_mosaic.png,0,5,450,40,90,RCNHSha_20250515_000932_IMG3,2201,2199,286,230,0.3492,0.4319,0.5797
82,11,cluster_11_mosaic.png,0,6,540,40,90,RCNHSha_20250512_011034_IMG7,2399,715,131,131,0.3487,0.497,0.6903
322,11,cluster_11_mosaic.png,0,7,630,40,90,RCNHSha_20250516_000901_IMG1,1485,684,173,164,0.3401,0.4122,0.6925
284,11,cluster_11_mosaic.png,0,8,720,40,90,RCNHSha_20250515_001032_IMG7,2805,1558,213,200,0.3377,0.3839,0.6725
247,11,cluster_11_mosaic.png,0,9,810,40,90,RCNHSha_20250514_030916_IMG2,1110,1146,206,176,0.3358,0.4126,0.799
236,11,cluster_11_mosaic.png,0,10,900,40,90,RCNHSha_20250513_043932_IMG3,1698,2244,226,183,0.329,0.3823,0.7922
408,11,cluster_11_mosaic.png,0,11,990,40,90,RCNHSha_20250922_005155_IMG12,803,1876,140,129,0.3289,0.3975,0.4231
407,11,cluster_11_mosaic.png,0,12,1080,40,90,RCNHSha_20250922_005155_IMG12,997,1201,124,73,0.3079,0.495,0.8857
396,11,cluster_11_mosaic.png,0,13,1170,40,90,RCNHSha_20250921_225141_IMG11,1655,503,115,107,0.3062,0.4018,0.7191
140,11,cluster_11_mosaic.png,0,14,1260,40,90,RCNHSha_20250513_003900_IMG1,1863,618,100,95,0.3055,0.5982,0.9146
382,11,cluster_11_mosaic.png,1,0,0,130,90,RCNHSha_20250516_011045_IMG8,1907,2359,84,86,0.2874,0.4988,0.7776
95,11,cluster_11_mosaic.png,1,1,90,130,90,RCNHSha_20250512_011034_IMG7,1441,2020,113,89,0.2761,0.4546,0.8521
403,11,cluster_11_mosaic.png,1,2,180,130,90,RCNHSha_20250922_005045_IMG5,2771,2378,93,64,0.273,0.5265,0.9205
389,11,cluster_11_mosaic.png,1,3,270,130,90,RCNHSha_20250921_222029_IMG4,1630,1243,111,98,0.2727,0.4597,0.3901
78,11,cluster_11_mosaic.png,1,4,360,130,90,RCNHSha_20250512_004016_IMG6,1467,2354,134,108,0.2668,0.3463,0.6898
306,11,cluster_11_mosaic.png,1,5,450,130,90,RCNHSha_20250515_013917_IMG2,1546,2270,111,97,0.2472,0.4089,0.8807
42,12,cluster_12_mosaic.png,0,0,0,40,90,RCNHSha_20250511_021016_IMG6,2869,778,113,276,0.4198,0.6895,0.9501
186,12,cluster_12_mosaic.png,0,1,90,40,90,RCNHSha_20250513_024032_IMG7,2000,2449,142,178,0.3573,0.4797,0.7728
115,12,cluster_12_mosaic.png,0,2,180,40,90,RCNHSha_20250512_020902_IMG1,2288,1843,193,201,0.3524,0.4566,0.7012
387,12,cluster_12_mosaic.png,0,3,270,40,90,RCNHSha_20250516_033932_IMG3,996,1359,170,187,0.3513,0.4272,0.8505
123,12,cluster_12_mosaic.png,0,4,360,40,90,RCNHSha_20250512_021047_IMG8,2383,905,180,204,0.3459,0.4386,0.7728
121,12,cluster_12_mosaic.png,0,5,450,40,90,RCNHSha_20250512_021047_IMG8,2429,396,273,307,0.3433,0.4281,0.9568
71,12,cluster_12_mosaic.png,0,6,540,40,90,RCNHSha_20250511_233901_IMG1,2031,1136,169,227,0.3426,0.4036,0.8344
230,12,cluster_12_mosaic.png,0,7,630,40,90,RCNHSha_20250513_043932_IMG3,2514,1294,216,200,0.3322,0.3618,0.5742
29,12,cluster_12_mosaic.png,0,8,720,40,90,RCNHSha_20250511_020901_IMG1,2518,2333,183,245,0.3309,0.3965,0.8039
50,12,cluster_12_mosaic.png,0,9,810,40,90,RCNHSha_20250511_021016_IMG6,2370,2067,213,260,0.3224,0.3486,0.7229
201,12,cluster_12_mosaic.png,0,10,900,40,90,RCNHSha_20250513_030931_IMG3,1049,1902,191,220,0.3185,0.3387,0.1855
37,13,cluster_13_mosaic.png,0,0,0,40,90,RCNHSha_20250511_020931_IMG3,2152,2113,158,203,0.3756,0.4985,0.8265
164,13,cluster_13_mosaic.png,0,1,90,40,90,RCNHSha_20250513_014047_IMG8,1118,1253,156,236,0.361,0.427,0.7713
110,13,cluster_13_mosaic.png,0,2,180,40,90,RCNHSha_20250512_020902_IMG1,1505,1138,155,201,0.3544,0.4214,0.7638
117,13,cluster_13_mosaic.png,0,3,270,40,90,RCNHSha_20250512_020902_IMG1,2830,2274,159,176,0.3516,0.4372,0.7111
108,13,cluster_13_mosaic.png,0,4,360,40,90,RCNHSha_20250512_020902_IMG1,2141,704,175,234,0.3495,0.4063,0.7976
105,13,cluster_13_mosaic.png,0,5,450,40,90,RCNHSha_20250512_020902_IMG1,2177,361,201,191,0.3461,0.3874,0.586
248,13,cluster_13_mosaic.png,0,6,540,40,90,RCNHSha_20250514_030947_IMG4,2002,2458,193,205,0.344,0.3937,0.6751
310,13,cluster_13_mosaic.png,0,7,630,40,90,RCNHSha_20250515_023932_IMG3,2534,1348,153,197,0.3403,0.392,0.8186
157,13,cluster_13_mosaic.png,0,8,720,40,90,RCNHSha_20250513_013947_IMG4,2180,1377,203,242,0.3399,0.3838,0.769
120,13,cluster_13_mosaic.png,0,9,810,40,90,RCNHSha_20250512_020902_IMG1,1291,2464,186,201,0.3325,0.3767,0.7848
339,13,cluster_13_mosaic.png,0,10,900,40,90,RCNHSha_20250516_000947_IMG4,2816,519,150,190,0.3322,0.3513,0.729
20,13,cluster_13_mosaic.png,0,11,990,40,90,RCNHSha_20250511_010937_IMG3,2245,331,196,262,0.329,0.3414,0.7917
165,13,cluster_13_mosaic.png,0,12,1080,40,90,RCNHSha_20250513_014047_IMG8,2626,1384,192,253,0.3192,0.3287,0.8254
226,14,cluster_14_mosaic.png,0,0,0,40,90,RCNHSha_20250513_043901_IMG1,1714,1974,68,98,0.5081,0.9125,0.7381
139,14,cluster_14_mosaic.png,0,1,90,40,90,RCNHSha_20250512_233915_IMG2,1560,1959,88,144,0.4607,0.7338,0.8268
126,14,cluster_14_mosaic.png,0,2,180,40,90,RCNHSha_20250512_021047_IMG8,1329,1007,85,160,0.4566,0.7952,0.8937
135,14,cluster_14_mosaic.png,0,3,270,40,90,RCNHSha_20250512_023948_IMG4,1076,1847,91,161,0.4527,0.759,0.7995
242,14,cluster_14_mosaic.png,0,4,360,40,90,RCNHSha_20250514_024101_IMG9,1717,1531,99,176,0.4329,0.705,0.8578
184,14,cluster_14_mosaic.png,0,5,450,40,90,RCNHSha_20250513_024032_IMG7,1479,1400,112,143,0.4323,0.6578,0.9003
169,14,cluster_14_mosaic.png,0,6,540,40,90,RCNHSha_20250513_014047_IMG8,1702,1723,145,187,0.4078,0.5924,0.8561
281,14,cluster_14_mosaic.png,0,7,630,40,90,RCNHSha_20250515_001032_IMG7,1720,913,126,157,0.4036,0.5995,0.8978
32,14,cluster_14_mosaic.png,0,8,720,40,90,RCNHSha_20250511_020931_IMG3,1422,1142,133,173,0.3987,0.59,0.8206
300,14,cluster_14_mosaic.png,0,9,810,40,90,RCNHSha_20250515_001047_IMG8,2899,2016,138,143,0.3765,0.4951,0.3062
185,14,cluster_14_mosaic.png,0,10,900,40,90,RCNHSha_20250513_024032_IMG7,2309,2198,150,235,0.372,0.4976,0.7544
84,14,cluster_14_mosaic.png,0,11,990,40,90,RCNHSha_20250512_011034_IMG7,973,1000,103,163,0.3667,0.4646,0.8758
23,14,cluster_14_mosaic.png,0,12,1080,40,90,RCNHSha_20250511_020901_IMG1,2842,692,177,183,0.3527,0.4348,0.8256
210,14,cluster_14_mosaic.png,0,13,1170,40,90,RCNHSha_20250513_031016_IMG6,1732,2155,177,261,0.3468,0.4361,0.8062
372,14,cluster_14_mosaic.png,0,14,1260,40,90,RCNHSha_20250516_003930_IMG3,2913,1353,94,149,0.345,0.4822,0.8758
100,15,cluster_15_mosaic.png,0,0,0,40,90,RCNHSha_20250512_011034_IMG7,1934,2316,124,99,0.4218,0.5831,0.6351
174,15,cluster_15_mosaic.png,0,1,90,40,90,RCNHSha_20250513_014047_IMG8,1630,2361,113,94,0.4109,0.5657,0.7187
127,15,cluster_15_mosaic.png,0,2,180,40,90,RCNHSha_20250512_021047_IMG8,2934,1355,60,49,0.3908,0.9097,0.7336
60,15,cluster_15_mosaic.png,0,3,270,40,90,RCNHSha_20250511_023947_IMG4,1179,1504,70,51,0.3716,0.8296,0.7203
101,15,cluster_15_mosaic.png,0,4,360,40,90,RCNHSha_20250512_011034_IMG7,2308,2364,153,96,0.3555,0.5036,0.8918
179,15,cluster_15_mosaic.png,0,5,450,40,90,RCNHSha_20250513_023901_IMG1,2277,1131,227,179,0.334,0.3754,0.7496
225,16,cluster_16_mosaic.png,0,0,0,40,90,RCNHSha_20250513_043901_IMG1,1424,1711,150,198,0.4087,0.5763,0.8653
356,16,cluster_16_mosaic.png,0,1,90,40,90,RCNHSha_20250516_001016_IMG6,738,1121,119,165,0.3834,0.5487,0.8155
359,16,cluster_16_mosaic.png,0,2,180,40,90,RCNHSha_20250516_001016_IMG6,911,1720,82,78,0.3683,0.7495,0.7196
109,16,cluster_16_mosaic.png,0,3,270,40,90,RCNHSha_20250512_020902_IMG1,2942,1033,259,205,0.3457,0.4113,0.8405
416,16,cluster_16_mosaic.png,0,4,360,40,90,RCNHSha_20250922_055135_IMG9,1996,2527,166,172,0.343,0.4112,0.7258
145,16,cluster_16_mosaic.png,0,5,450,40,90,RCNHSha_20250513_003931_IMG3,2041,1252,192,234,0.3323,0.3564,0.808
128,16,cluster_16_mosaic.png,0,6,540,40,90,RCNHSha_20250512_021047_IMG8,1762,1364,137,149,0.3241,0.3717,0.3183
